{"cameraMode":{"drawMode":0,"name":"Shaded","section":"Shading Mode"},"sceneLighting":true,"audioPlay":false,"sceneViewState":{"m_AlwaysRefresh":false,"showFog":true,"showSkybox":true,"showFlares":true,"showImageEffects":true,"showParticleSystems":true,"showVisualEffectGraphs":true,"m_FxEnabled":true},"in2DMode":false,"pivot":{"x":-16.482328414916993,"y":9.952483177185059,"z":-11.068045616149903},"rotation":{"x":-0.20496071875095368,"y":-0.2855680286884308,"z":0.06266025453805924,"w":-0.9340898394584656},"size":1.1473734378814698,"orthographic":false}