{"cameraMode":{"drawMode":0,"name":"Shaded","section":"Shading Mode"},"sceneLighting":true,"audioPlay":false,"sceneViewState":{"m_AlwaysRefresh":false,"showFog":true,"showSkybox":true,"showFlares":true,"showImageEffects":true,"showParticleSystems":true,"showVisualEffectGraphs":true,"m_FxEnabled":true},"in2DMode":false,"pivot":{"x":-12.066123962402344,"y":6.986503601074219,"z":-15.696098327636719},"rotation":{"x":-0.20496071875095368,"y":-0.2855680286884308,"z":0.06266025453805924,"w":-0.9340898394584656},"size":11.518123626708985,"orthographic":false}